Workbook

Sheet Data
A1: OrderID | B1: Month | C1: City | D1: Product | E1: Quantity | F1: UnitPrice | G1: Total
A2: C01 | B2: Jul | C2: Lahore | D2: Embroidered Shawl | E2: 2 | F2: 3500 | G2: =E2*F2 -> 7000
A3: C02 | B3: Jul | C3: Multan | D3: Blue Pottery Vase | E3: 1 | F3: 2200 | G3: =E3*F3 -> 2200
A4: C03 | B4: Jul | C4: Karachi | D4: Handmade Bag | E4: 3 | F4: 1500 | G4: =E4*F4 -> 4500
A5: C04 | B5: Jul | C5: Islamabad | D5: Khussa | E5: 2 | F5: 1800 | G5: =E5*F5 -> 3600
A6: C05 | B6: Jul | C6: Lahore | D6: Handmade Bag | E6: 1 | F6: 1500 | G6: =E6*F6 -> 1500
A7: C06 | B7: Jul | C7: Multan | D7: Embroidered Shawl | E7: 1 | F7: 3500 | G7: =E7*F7 -> 3500
A8: C07 | B8: Aug | C8: Lahore | D8: Blue Pottery Vase | E8: 2 | F8: 2200 | G8: =E8*F8 -> 4400
A9: C08 | B9: Aug | C9: Karachi | D9: Embroidered Shawl | E9: 3 | F9: 3500 | G9: =E9*F9 -> 10500
A10: C09 | B10: Aug | C10: Multan | D10: Khussa | E10: 4 | F10: 1800 | G10: =E10*F10 -> 7200
A11: C10 | B11: Aug | C11: Islamabad | D11: Handmade Bag | E11: 2 | F11: 1500 | G11: =E11*F11 -> 3000
A12: C11 | B12: Aug | C12: Lahore | D12: Khussa | E12: 1 | F12: 1800 | G12: =E12*F12 -> 1800
A13: C12 | B13: Aug | C13: Karachi | D13: Blue Pottery Vase | E13: 1 | F13: 2200 | G13: =E13*F13 -> 2200
... A19: C18 | B19: Sep | C19: Lahore | D19: Blue Pottery Vase | E19: 3 | F19: 2200 | G19: =E19*F19 -> 6600

Sheet Cleaning Note
A1: Cleaning note
A2: Source: Day 15 Practical B dataset from the course handout (a small online shop run by women artisans): 18 orders, July to September.
A3: Headers: one clear header row; Total = Quantity x UnitPrice (column G, formula =E2*F2 filled down to row 19).
A4: Types: Quantity and UnitPrice are numbers (quantitative). Month, City, Product are text (qualitative). Prices are in Pakistani rupees (Rs).
A5: Checks done: no blank cells, no duplicate OrderIDs, spellings of cities and products are consistent, no negative or zero quantities.
A6: Privacy: the data has no customer names, phone numbers or addresses.
A7: Limit: only 18 orders over three months, so results show a pattern for this period, not a long-term trend.

Sheet Summary
A1: Summary: Craft shop sales, Jul to Sep
A3: Key number | B3: Value | C3: Formula used
A4: Number of orders | B4: =COUNTA(Data!$A$2:$A$19) -> 18 | C4: COUNTA
A5: Total units sold | B5: =SUM(Data!$E$2:$E$19) -> 38 | C5: SUM
A6: Total sales (Rs) | B6: =SUM(Data!$G$2:$G$19) -> 82900 | C6: SUM
A7: Average order value (Rs) | B7: =AVERAGE(Data!$G$2:$G$19) -> 4605.5556 | C7: AVERAGE
A8: Highest order (Rs) | B8: =MAX(Data!$G$2:$G$19) -> 10500 | C8: MAX
A9: Lowest order (Rs) | B9: =MIN(Data!$G$2:$G$19) -> 1500 | C9: MIN
A10: Best product by sales | B10: =INDEX(A34:A37,MATCH(MAX(D34:D37),D34:D37,0)) -> Embroidered Shawl | C10: INDEX / MATCH / MAX
A11: Best city by sales | B11: =INDEX(A25:A28,MATCH(MAX(D25:D28),D25:D28,0)) -> Lahore | C11: INDEX / MATCH / MAX
A12: Sales growth, Jul to Sep | B12: =(D19-D17)/D17 -> 0.41255605 | C12: (Sep - Jul) / Jul
A15: Pivot-style table 1: sales by month
A16: Month | B16: Orders | C16: Units sold | D16: Sales (Rs) | E16: % of total sales
A17: Jul | B17: =COUNTIF(Data!$B$2:$B$19,A17) -> 6 | C17: =SUMIF(Data!$B$2:$B$19,A17,Data!$E$2:$E$19) -> 10 | D17: =SUMIF(Data!$B$2:$B$19,A17,Data!$G$2:$G$19) -> 22300 | E17: =D17/D$20 -> 0.26899879
A18: Aug | B18: =COUNTIF(Data!$B$2:$B$19,A18) -> 6 | C18: =SUMIF(Data!$B$2:$B$19,A18,Data!$E$2:$E$19) -> 13 | D18: =SUMIF(Data!$B$2:$B$19,A18,Data!$G$2:$G$19) -> 29100 | E18: =D18/D$20 -> 0.35102533
A19: Sep | B19: =COUNTIF(Data!$B$2:$B$19,A19) -> 6 | C19: =SUMIF(Data!$B$2:$B$19,A19,Data!$E$2:$E$19) -> 15 | D19: =SUMIF(Data!$B$2:$B$19,A19,Data!$G$2:$G$19) -> 31500 | E19: =D19/D$20 -> 0.37997587
A20: Total | B20: =SUM(B17:B19) -> 18 | C20: =SUM(C17:C19) -> 38 | D20: =SUM(D17:D19) -> 82900 | E20: =D20/D20 -> 1
A23: Pivot-style table 2: sales by city
A24: City | B24: Orders | C24: Units sold | D24: Sales (Rs) | E24: % of total sales
A25: Lahore | B25: =COUNTIF(Data!$C$2:$C$19,A25) -> 6 | C25: =SUMIF(Data!$C$2:$C$19,A25,Data!$E$2:$E$19) -> 13 | D25: =SUMIF(Data!$C$2:$C$19,A25,Data!$G$2:$G$19) -> 27300 | E25: =D25/D$29 -> 0.32931242
A26: Multan | B26: =COUNTIF(Data!$C$2:$C$19,A26) -> 5 | C26: =SUMIF(Data!$C$2:$C$19,A26,Data!$E$2:$E$19) -> 10 | D26: =SUMIF(Data!$C$2:$C$19,A26,Data!$G$2:$G$19) -> 22900 | E26: =D26/D$29 -> 0.27623643
A27: Karachi | B27: =COUNTIF(Data!$C$2:$C$19,A27) -> 4 | C27: =SUMIF(Data!$C$2:$C$19,A27,Data!$E$2:$E$19) -> 10 | D27: =SUMIF(Data!$C$2:$C$19,A27,Data!$G$2:$G$19) -> 22600 | E27: =D27/D$29 -> 0.27261761
A28: Islamabad | B28: =COUNTIF(Data!$C$2:$C$19,A28) -> 3 | C28: =SUMIF(Data!$C$2:$C$19,A28,Data!$E$2:$E$19) -> 5 | D28: =SUMIF(Data!$C$2:$C$19,A28,Data!$G$2:$G$19) -> 10100 | E28: =D28/D$29 -> 0.12183353
A29: Total | B29: =SUM(B25:B28) -> 18 | C29: =SUM(C25:C28) -> 38 | D29: =SUM(D25:D28) -> 82900 | E29: =D29/D29 -> 1
A32: Pivot-style table 3: sales by product
A33: Product | B33: Orders | C33: Units sold | D33: Sales (Rs) | E33: % of total sales
A34: Embroidered Shawl | B34: =COUNTIF(Data!$D$2:$D$19,A34) -> 5 | C34: =SUMIF(Data!$D$2:$D$19,A34,Data!$E$2:$E$19) -> 9 | D34: =SUMIF(Data!$D$2:$D$19,A34,Data!$G$2:$G$19) -> 31500 | E34: =D34/D$38 -> 0.37997587
A35: Handmade Bag | B35: =COUNTIF(Data!$D$2:$D$19,A35) -> 5 | C35: =SUMIF(Data!$D$2:$D$19,A35,Data!$E$2:$E$19) -> 12 | D35: =SUMIF(Data!$D$2:$D$19,A35,Data!$G$2:$G$19) -> 18000 | E35: =D35/D$38 -> 0.21712907
A36: Khussa | B36: =COUNTIF(Data!$D$2:$D$19,A36) -> 4 | C36: =SUMIF(Data!$D$2:$D$19,A36,Data!$E$2:$E$19) -> 10 | D36: =SUMIF(Data!$D$2:$D$19,A36,Data!$G$2:$G$19) -> 18000 | E36: =D36/D$38 -> 0.21712907
A37: Blue Pottery Vase | B37: =COUNTIF(Data!$D$2:$D$19,A37) -> 4 | C37: =SUMIF(Data!$D$2:$D$19,A37,Data!$E$2:$E$19) -> 7 | D37: =SUMIF(Data!$D$2:$D$19,A37,Data!$G$2:$G$19) -> 15400 | E37: =D37/D$38 -> 0.18576598
A38: Total | B38: =SUM(B34:B37) -> 18 | C38: =SUM(C34:C37) -> 38 | D38: =SUM(D34:D37) -> 82900 | E38: =D38/D38 -> 1
A41: Note: these tables use COUNTIF/SUMIF. Also build real pivot tables in Google Sheets (Insert > Pivot table) and check they match.

Sheet Dashboard
A1: Dashboard: How is the craft shop doing?
A3: Total sales (Rs) | E3: Average order (Rs) | I3: Best product
A4: =Summary!B6 -> 82900 | E4: =Summary!B7 -> 4605.5556 | I4: =Summary!B10 -> Embroidered Shawl
G25: Insights
G26: Shawls earn Rs 31,500, nearly double the Rs 18,000 of bags or khussa.
G27: Handmade Bags sell the most units (12) but at a lower price.
G28: Islamabad is the smallest city at Rs 10,100 of Rs 82,900 total.
